INSERT INTO projects (id, title, category, funding_goal, start_date, end_date) VALUES (1, "Genesis", "Pent", 100, 100, 200);
INSERT INTO projects (id, title, category, funding_goal, start_date, end_date) VALUES (2, "Exodus", "Pent", 200, 200, 2200);
INSERT INTO projects (id, title, category, funding_goal, start_date, end_date) VALUES (3, "Leviticus", "Pent", 300, 400, 1000);
INSERT INTO projects (id, title, category, funding_goal, start_date, end_date) VALUES (4, "Numbers", "Pent", 400, 1000, 2000);
INSERT INTO projects (id, title, category, funding_goal, start_date, end_date) VALUES (5, "Deuderonomy", "Pent", 500, 900, 1000);
INSERT INTO projects (id, title, category, funding_goal, start_date, end_date) VALUES (6, "Isaiah", "Prophet", 100, 2000, 3000);
INSERT INTO projects (id, title, category, funding_goal, start_date, end_date) VALUES (7, "Judges", "Prophet", 200, 1500, 2000);
INSERT INTO projects (id, title, category, funding_goal, start_date, end_date) VALUES (8, "Kings", "Kings", 300, 100, 200);
INSERT INTO projects (id, title, category, funding_goal, start_date, end_date) VALUES (9, "Saul", "Kings", 400, 500, 1500);
INSERT INTO projects (id, title, category, funding_goal, start_date, end_date) VALUES (10, "Elijah", "Prophet", 500, 1000, 1100);

INSERT INTO users (name, age) VALUES ("Matthew", 18);
INSERT INTO users (name, age) VALUES ("Mark", 19);
INSERT INTO users (name, age) VALUES ("Luke", 20);
INSERT INTO users (name, age) VALUES ("John", 21);
INSERT INTO users (name, age) VALUES ("Peter", 22);
INSERT INTO users (name, age) VALUES ("Paul", 23);
INSERT INTO users (name, age) VALUES ("Thomas", 24);
INSERT INTO users (name, age) VALUES ("Mary", 24);
INSERT INTO users (name, age) VALUES ("Jesus", 25);
INSERT INTO users (name, age) VALUES ("Pilate", 26);
INSERT INTO users (name, age) VALUES ("Zaccheus", 27);
INSERT INTO users (name, age) VALUES ("Anthony", 28);
INSERT INTO users (name, age) VALUES ("Gregory", 29);
INSERT INTO users (name, age) VALUES ("Michael", 30);
INSERT INTO users (name, age) VALUES ("Raphael", 31);
INSERT INTO users (name, age) VALUES ("John the Baptist", 32);
INSERT INTO users (name, age) VALUES ("Matthew", 33);
INSERT INTO users (name, age) VALUES ("Elisha", 34);
INSERT INTO users (name, age) VALUES ("Nathan", 35);
INSERT INTO users (name, age) VALUES ("Solomon", 36);

INSERT INTO pledges (amount, user_id, project_id) VALUES (100, 1, 1);
INSERT INTO pledges (amount, user_id, project_id) VALUES (100, 2, 1);
INSERT INTO pledges (amount, user_id, project_id) VALUES (100, 3, 1);
INSERT INTO pledges (amount, user_id, project_id) VALUES (100, 1, 1);
INSERT INTO pledges (amount, user_id, project_id) VALUES (100, 2, 1);
INSERT INTO pledges (amount, user_id, project_id) VALUES (100, 3, 1);
INSERT INTO pledges (amount, user_id, project_id) VALUES (100, 1, 1);
INSERT INTO pledges (amount, user_id, project_id) VALUES (100, 2, 1);
INSERT INTO pledges (amount, user_id, project_id) VALUES (100, 3, 2);
INSERT INTO pledges (amount, user_id, project_id) VALUES (100, 4, 2);
INSERT INTO pledges (amount, user_id, project_id) VALUES (200, 5, 2);
INSERT INTO pledges (amount, user_id, project_id) VALUES (200, 6, 2);
INSERT INTO pledges (amount, user_id, project_id) VALUES (200, 3, 3);
INSERT INTO pledges (amount, user_id, project_id) VALUES (300, 7, 4);
INSERT INTO pledges (amount, user_id, project_id) VALUES (300, 8, 5);
INSERT INTO pledges (amount, user_id, project_id) VALUES (300, 9, 1);
INSERT INTO pledges (amount, user_id, project_id) VALUES (300, 10, 6);
INSERT INTO pledges (amount, user_id, project_id) VALUES (400, 12, 10);
INSERT INTO pledges (amount, user_id, project_id) VALUES (400, 13, 10);
INSERT INTO pledges (amount, user_id, project_id) VALUES (400, 14, 7);
INSERT INTO pledges (amount, user_id, project_id) VALUES (400, 15, 7);
INSERT INTO pledges (amount, user_id, project_id) VALUES (500, 16, 8);
INSERT INTO pledges (amount, user_id, project_id) VALUES (500, 13, 9);
INSERT INTO pledges (amount, user_id, project_id) VALUES (600, 17, 10);
INSERT INTO pledges (amount, user_id, project_id) VALUES (600, 20, 10);
INSERT INTO pledges (amount, user_id, project_id) VALUES (600, 19, 9);
INSERT INTO pledges (amount, user_id, project_id) VALUES (700, 18, 9);
INSERT INTO pledges (amount, user_id, project_id) VALUES (700, 12, 2);
INSERT INTO pledges (amount, user_id, project_id) VALUES (800, 13, 2);
INSERT INTO pledges (amount, user_id, project_id) VALUES (1000, 14, 3);